Country,Region,Code,Education,Jobs,Income,Safety,Health,Environment,Civic engagement,Accessiblity to services,Housing,Community,Life satisfaction
Australia,New South Wales,AU1,,~,-,~,+,-,~,,~,,
Australia,Victoria,AU2,,~,-,~,+,-,~,,+,,
Australia,Queensland,AU3,,-,-,~,+,-,~,,~,,
Australia,South Australia,AU4,,-,-,~,+,~,~,,~,,
Australia,Western Australia,AU5,,-,-,~,+,-,~,,+,,
Australia,Tasmania,AU6,,~,-,~,+,-,~,,+,,
Australia,Northern Territory,AU7,,-,~,+,+,-,+,,~,,
Australia,Australian Capital Territory,AU8,,-,~,~,~,-,-,,+,,
Austria,Burgenland,AT11,+,-,-,~,~,+,-,,-,,
Austria,Lower Austria,AT12,~,-,-,~,~,+,-,,-,,
Austria,Vienna,AT13,~,-,-,~,~,+,-,,-,,
Austria,Carinthia,AT21,~,-,-,~,~,+,-,,-,,
Austria,Styria,AT22,~,~,-,~,~,+,-,,-,,
Austria,Upper Austria,AT31,+,~,-,~,~,+,-,,-,,
Austria,Salzburg,AT32,~,-,-,~,~,+,-,,-,,
Austria,Tyrol,AT33,+,-,-,~,~,+,~,,-,,
Austria,Vorarlberg,AT34,+,~,-,~,~,+,-,,-,,
Belgium,Brussels Capital Region,BE1,+,+,-,~,-,+,~,,-,,
Belgium,Flemish Region,BE2,+,~,-,~,~,+,~,,~,,
Belgium,Walloon Region,BE3,+,+,-,~,-,+,~,,+,,
Canada,Newfoundland and Labrador,CA10,+,+,~,~,~,~,+,,~,,
Canada,Prince Edward Island,CA11,+,~,~,~,~,~,+,,~,,
Canada,Nova Scotia,CA12,+,~,~,~,~,~,+,,~,,
Canada,New Brunswick,CA13,+,-,~,~,-,~,+,,~,,
Canada,Quebec,CA24,+,+,+,~,~,~,+,,~,,
Canada,Ontario,CA35,+,-,~,~,~,~,+,,-,,
Canada,Manitoba,CA46,+,-,~,~,-,~,+,,-,,
Canada,Saskatchewan,CA47,+,-,~,-,-,+,+,,~,,
Canada,Alberta,CA48,+,-,-,~,-,~,+,,-,,
Canada,British Columbia,CA59,~,~,+,~,-,~,+,,-,,
Canada,Yukon,CA60,,,~,-,-,~,+,,-,,
Canada,Northwest Territories,CA61,,,~,~,-,~,+,,+,,
Canada,Nunavut,CA62,,,~,+,~,~,~,,-,,
Chile,Tarapacá,CL01,~,-,~,~,~,+,-,,-,,
Chile,Antofagasta,CL02,~,~,~,~,~,+,-,,~,,
Chile,Atacama,CL03,~,~,~,~,~,+,-,,-,,
Chile,Coquimbo,CL04,~,~,~,~,~,+,-,,~,,
Chile,Valparaíso,CL05,~,~,~,~,~,+,-,,-,,
Chile,O'Higgins,CL06,~,~,~,~,~,+,-,,+,,
Chile,Maule,CL07,~,-,-,~,~,+,-,,-,,
Chile,Biobío,CL08,+,-,+,-,+,-,-,,+,,
Chile,Araucanía,CL09,+,-,+,+,+,-,-,,-,,
Chile,Los Lagos,CL10,+,-,+,~,+,-,-,,-,,
Chile,Aysén,CL11,+,-,+,~,~,-,-,,~,,
Chile,Magallanes and Chilean Antarctica,CL12,+,-,+,~,+,-,-,,-,,
Chile,Santiago Metropolitan,CL13,+,-,+,~,+,-,-,,-,,
Chile,Los Ríos,CL14,+,-,+,~,+,-,-,,~,,
Chile,Arica y Parinacota,CL15,+,-,+,-,+,-,-,,-,,
Chile,Ñuble,CL16,+,-,+,~,+,-,-,,-,,
Colombia,Antioquia,CO05,+,-,+,~,+,-,-,,-,,
Colombia,Atlántico,CO08,+,~,+,+,+,-,-,,-,,
Colombia,Bogotá Capital District,CO11,+,+,+,+,+,-,-,,-,,
Colombia,Bolívar,CO13,+,-,+,~,+,-,-,,~,,
Colombia,Boyacá,CO15,+,~,+,~,+,~,-,,,,
Colombia,Caldas,CO17,+,-,+,-,+,-,-,,,,
Colombia,Caquetá,CO18,,-,,~,+,-,,,,,
Colombia,Cauca,CO19,+,-,~,+,+,+,+,,,,
Colombia,Cesar,CO20,+,-,~,-,-,+,+,,,,
Colombia,Córdoba,CO23,+,-,-,+,~,+,-,,,,
Colombia,Cundinamarca,CO25,+,-,-,-,-,+,+,,,,
Colombia,Chocó,CO27,+,-,~,+,~,+,+,,,,
Colombia,Huila,CO41,+,-,~,+,+,+,+,,,,
Colombia,La Guajira,CO44,+,-,-,+,-,~,+,,,,
Colombia,Magdalena,CO47,+,-,+,-,~,+,+,,,,
Colombia,Meta,CO50,+,-,-,+,-,+,+,,,,
Colombia,Nariño,CO52,+,-,-,+,-,+,+,,,,
Colombia,Norte de Santander,CO54,+,-,-,+,+,+,+,,,,
Colombia,Quindio,CO63,+,-,-,-,~,+,+,,,,
Colombia,Risaralda,CO66,+,-,-,+,-,+,+,,,,
Colombia,Santander,CO68,+,-,-,+,-,~,+,,,,
Colombia,Sucre,CO70,+,-,-,-,-,+,+,,,,
Colombia,Tolima,CO73,+,-,-,+,+,+,+,,,,
Colombia,Valle del Cauca,CO76,+,+,+,+,~,+,+,,,,
Colombia,Arauca,CO81,+,-,-,-,-,+,+,,,,
Colombia,Casanare,CO85,+,-,+,+,+,+,-,,,,
Colombia,Putumayo,CO86,+,+,-,+,+,+,-,,,,
Colombia,San Andrés,CO88,+,-,-,+,~,+,+,,,,
Colombia,Amazonas,CO91,+,-,+,-,-,+,+,,,,
Colombia,Guainía,CO94,+,-,-,+,~,+,+,,,,
Colombia,Guaviare,CO95,+,-,~,+,~,+,+,,,,
Colombia,Vaupés,CO97,,,,+,~,+,+,,,,
Colombia,Vichada,CO99,,,,~,+,~,+,,,,
Costa Rica,Central ,CR01,,,,+,-,~,+,,,,
Costa Rica,Chorotega,CR02,,,,-,-,~,+,,,,
Costa Rica,Central Pacific,CR03,,,,-,-,~,+,,,,
Costa Rica,Brunca,CR04,,,,-,-,-,+,,,,
Costa Rica,Huetar Caribbean,CR05,,,,-,+,-,+,,,,
Costa Rica,North Huetar ,CR06,,,,+,+,-,+,,,,
Czech Republic,Prague,CZ01,,,,+,~,+,+,,,,
Czech Republic,Central Bohemian Region,CZ02,-,-,,,-,+,,,~,,
Czech Republic,Southwest,CZ03,-,-,,,-,~,,,+,,
Czech Republic,Northwest,CZ04,-,-,,,~,~,,,-,,
Czech Republic,Northeast,CZ05,+,-,,,~,+,,,+,,
Czech Republic,Southeast,CZ06,-,~,,,~,+,,,-,,
Czech Republic,Central Moravia,CZ07,~,-,,,~,~,,,-,,
Czech Republic,Moravia-Silesia,CZ08,~,+,~,~,-,+,-,,-,,
Denmark,Capital City Region,DK01,~,+,~,~,-,+,-,,-,,
Denmark,Zealand,DK02,~,+,+,~,-,+,-,,+,,
Denmark,Southern Denmark,DK03,~,+,+,~,-,+,-,,-,,
Denmark,Central Jutland,DK04,~,+,+,~,-,+,-,,+,,
Denmark,Northern Jutland,DK05,~,+,+,~,-,+,-,,-,,
Estonia,North Estonia,EE001,~,+,+,~,-,+,-,,+,,
Estonia,West Estonia,EE004,~,+,+,~,-,+,-,,+,,
Estonia,Southern Estonia,EE008,-,~,-,,~,+,+,,,,
Estonia,Central Estonia,EE009,~,~,-,,~,+,+,,,,
Estonia,Northeast Estonia,EE00A,~,+,-,,~,+,+,,,,
Finland,Western Finland,FI19,-,+,~,,~,+,+,,,,
Finland,Helsinki-Uusimaa,FI1B,-,+,-,,-,+,~,,,,
Finland,Southern Finland,FI1C,~,+,-,,~,+,+,,,,
Finland,Eastern and Northern Finland,FI1D,-,~,-,,-,+,+,,,,
Finland,Åland,FI20,-,+,~,,+,+,+,,,,
France,Île-de-France,FR1,-,+,-,,~,+,~,,,,
France,Centre - Val de Loire,FRB,-,+,-,,~,+,+,,,,
France,Bourgogne-Franche-Comté,FRC,-,~,-,,-,+,+,,,,
France,Normandy,FRD,-,+,-,,~,+,+,,,,
France,Hauts-de-France,FRE,~,+,-,,~,+,+,,,,
France,Grand Est,FRF,-,+,~,,~,+,+,,,,
France,Pays de la Loire,FRG,~,+,-,,~,+,+,,,,
France,Brittany,FRH,~,+,~,,~,+,+,,,,
France,Nouvelle-Aquitaine,FRI,+,~,~,~,+,+,~,,-,,
France,Occitanie,FRJ,+,~,~,~,+,+,-,,-,,
France,Auvergne-Rhône-Alpes,FRK,+,+,~,~,+,+,-,,-,,
France,Provence-Alpes-Côte d’Azur,FRL,+,~,~,~,+,+,~,,~,,
France,Corsica,FRM,+,+,~,~,+,+,-,,~,,
France,Guadeloupe,FRY1,+,+,-,~,~,+,-,,~,,
France,Martinique,FRY2,+,+,-,~,~,+,-,,-,,
France,French Guiana,FRY3,+,+,-,~,~,+,-,,~,,
France,La Réunion,FRY4,+,-,-,~,~,+,+,,-,,
France,Mayotte,FRY5,+,-,-,~,~,+,-,,~,,
Germany,Baden-Württemberg,DE1,+,+,-,~,-,+,-,,~,,
Germany,Bavaria,DE2,+,+,-,~,-,+,-,,-,,
Germany,Berlin,DE3,+,+,-,~,-,+,-,,~,,
Germany,Brandenburg,DE4,+,+,-,~,-,+,-,,~,,
Germany,Bremen,DE5,+,+,-,~,-,+,-,,~,,
Germany,Hamburg,DE6,+,+,-,~,-,+,-,,~,,
Germany,Hesse,DE7,+,+,-,~,-,+,~,,-,,
Germany,Mecklenburg-Vorpommern,DE8,+,+,-,~,~,+,-,,-,,
Germany,Lower Saxony,DE9,+,+,-,~,+,~,-,,-,,
Germany,North Rhine-Westphalia,DEA,+,+,-,~,~,+,-,,-,,
Germany,Rhineland-Palatinate,DEB,+,+,-,~,-,+,-,,~,,
Germany,Saarland,DEC,+,+,-,~,~,~,-,,-,,
Germany,Saxony,DED,,+,+,+,+,+,~,,-,,
Germany,Saxony-Anhalt,DEE,,+,+,+,+,+,~,,~,,
Germany,Schleswig-Holstein,DEF,,+,+,+,+,+,+,,-,,
Germany,Thuringia,DEG,,+,+,+,+,+,+,,+,,
Greece,Attica,EL30,,+,+,+,+,+,-,,-,,
Greece,North Aegean,EL41,+,~,-,~,+,~,-,,-,,
Greece,South Aegean,EL42,~,-,-,~,+,+,-,,-,,
Greece,Crete,EL43,+,+,-,~,+,+,-,,~,,
Greece,"Eastern Macedonia, Thrace",EL51,+,+,-,~,+,~,-,,~,,
Greece,Central Macedonia,EL52,~,~,-,-,~,~,-,,+,,
Greece,Western Macedonia,EL53,+,~,-,~,-,+,-,,-,,
Greece,Epirus,EL54,+,-,-,~,~,+,-,,-,,
Greece,Thessaly,EL61,+,~,-,~,-,+,-,,-,,
Greece,Ionian Islands,EL62,+,+,-,~,-,+,-,,-,,
Greece,Western Greece,EL63,+,+,-,~,~,+,-,,-,,
Greece,Central Greece,EL64,+,-,-,~,-,+,-,,-,,
Greece,Peloponnese,EL65,+,+,-,~,~,+,-,,-,,
Hungary,Budapest,HU11,+,~,-,~,~,+,-,,-,,
Hungary,Pest,HU12,+,~,-,~,~,+,-,,-,,
Hungary,Central Transdanubia,HU21,+,~,-,~,~,+,-,,-,,
Hungary,Western Transdanubia,HU22,+,~,-,~,-,+,-,,-,,
Hungary,Southern Transdanubia,HU23,+,~,-,~,-,+,-,,-,,
Hungary,Northern Hungary,HU31,+,-,-,~,+,+,-,,-,,
Hungary,Northern Great Plain,HU32,,+,~,-,-,-,-,,~,,
Hungary,Southern Great Plain,HU33,,+,-,~,-,-,-,,~,,
Iceland,Greater Reykjavík,IS01,,+,-,+,-,-,-,,-,,
Iceland,Other regions,IS02,,+,-,~,+,-,-,,~,,
Ireland,Northern and Western,IE04,,,+,~,,-,-,,,,
Ireland,Southern,IE05,~,+,~,~,-,+,~,,-,,
Ireland,Eastern and Midland,IE06,~,+,~,~,-,+,~,,-,,
Israel,Jerusalem district,IL01,+,+,~,~,-,+,-,,-,,
Israel,Northern district,IL02,~,+,~,~,-,+,-,,-,,
Israel,Haifa district,IL03,+,+,~,~,-,+,-,,-,,
Israel,Central district,IL04,+,+,~,~,-,+,-,,-,,
Israel,Tel Aviv district,IL05,+,+,+,~,~,+,~,,-,,
Israel,Southern district,IL06,~,~,~,~,-,+,~,,-,,
Italy,Piedmont,ITC1,~,+,~,~,-,+,~,,-,,
Italy,Aosta Valley,ITC2,~,+,~,~,-,+,-,,-,,
Italy,Liguria,ITC3,~,+,~,~,-,+,~,,,,
Italy,Lombardy,ITC4,+,+,~,~,~,~,~,,-,,
Italy,Abruzzo,ITF1,+,-,-,~,-,+,-,,-,,
Italy,Molise,ITF2,+,-,-,~,~,+,-,,-,,
Italy,Campania,ITF3,+,-,-,~,~,+,-,,-,,
Italy,Apulia,ITF4,+,-,-,~,~,+,-,,-,,
Italy,Basilicata,ITF5,+,-,-,~,~,+,-,,-,,
Italy,Calabria,ITF6,+,-,-,~,-,+,-,,-,,
Italy,Sicily,ITG1,+,-,-,~,-,+,-,,-,,
Italy,Sardinia,ITG2,+,-,-,~,~,+,-,,-,,
Italy,Province of Bolzano-Bozen,ITH1,+,-,-,~,-,+,-,,-,,
Italy,Province of Trento,ITH2,+,-,-,~,-,+,-,,-,,
Italy,Veneto,ITH3,+,-,-,~,-,+,-,,-,,
Italy,Friuli-Venezia Giulia,ITH4,+,-,-,~,-,+,-,,-,,
Italy,Emilia-Romagna,ITH5,+,-,-,~,~,+,-,,-,,
Italy,Tuscany,ITI1,+,,+,~,-,+,+,,+,,
Italy,Umbria,ITI2,~,,+,~,-,+,+,,+,,
Italy,Marche,ITI3,+,+,+,~,-,+,+,,+,,
Italy,Lazio,ITI4,~,+,+,~,-,+,+,,+,,
Japan,Hokkaido,JPA,~,+,+,~,-,+,+,,+,,
Japan,Tohoku,JPB,-,+,+,~,-,+,+,,+,,
Japan,"Northern-Kanto, Koshin",JPC,~,+,+,~,-,+,~,,+,,
Japan,Southern-Kanto,JPD,+,+,+,~,-,+,+,,+,,
Japan,Hokuriku,JPE,+,,~,~,,~,,,,,
Japan,Toukai,JPF,+,,~,~,+,+,,,,,
Japan,Kansai,JPG,+,,~,~,,~,,,,,
Japan,Chugoku,JPH,,+,+,~,+,~,-,,,,
Japan,Shikoku,JPI,,~,+,~,+,~,-,,,,
Japan,"Kyushu, Okinawa",JPJ,,+,+,~,~,+,~,,-,,
Korea,Seoul Capital Area,KR01,,+,+,~,~,+,-,,-,,
Korea,Gyeongnam,KR02,,+,+,,~,+,-,,-,,
Korea,Gyeongbuk,KR03,,+,+,~,+,+,+,,~,,
Korea,Jeolla,KR04,,~,+,~,~,+,~,,-,,
Korea,Chungcheong,KR05,,+,+,~,~,+,+,,-,,
Korea,Gangwon,KR06,~,-,-,~,~,+,-,,-,,
Korea,Jeju,KR07,+,-,-,~,~,+,-,,-,,
Latvia,Kurzeme,LV003,~,-,-,~,~,+,-,,-,,
Latvia,Latgale,LV005,~,-,-,~,~,+,-,,-,,
Latvia,Riga,LV006,+,-,-,~,-,+,-,,-,,
Latvia,Pieriga,LV007,+,-,-,~,-,+,-,,-,,
Latvia,Vidzeme,LV008,~,-,-,~,-,+,-,,+,,
Latvia,Zemgale,LV009,~,-,-,~,-,+,-,,-,,
Lithuania,Vilnius county,LT011,+,+,-,~,-,+,-,,-,,
Lithuania,Alytus county,LT021,-,-,-,+,-,+,-,,-,,
Lithuania,Kaunas county,LT022,-,-,-,~,-,+,-,,-,,
Lithuania,Klaipeda county,LT023,~,-,-,~,~,+,-,,-,,
Lithuania,Marijampole county,LT024,+,-,-,~,-,+,-,,-,,
Lithuania,Panevežys county,LT025,~,-,-,~,~,+,-,,-,,
Lithuania,Šiauliai county,LT026,+,-,-,~,~,+,-,,-,,
Lithuania,Taurage county,LT027,+,~,-,~,-,+,-,,-,,
Lithuania,Telšiai county,LT028,+,-,-,~,-,+,-,,-,,
Lithuania,Utena county,LT029,+,-,-,~,~,+,-,,-,,
Luxembourg,Luxembourg,LU00,+,-,-,~,~,+,-,,-,,
Mexico,Aguascalientes,ME01,+,-,-,~,-,+,-,,-,,
Mexico,Baja California,ME02,~,-,-,~,~,+,-,,-,,
Mexico,Baja California Sur,ME03,,+,-,~,~,-,-,,-,,
Mexico,Campeche,ME04,,+,-,~,~,-,-,,~,,
Mexico,Coahuila,ME05,,+,-,~,~,-,-,,~,,
Mexico,Colima,ME06,,+,-,~,~,-,-,,-,,
Mexico,Chiapas,ME07,,~,-,~,~,-,-,,~,,
Mexico,Chihuahua,ME08,,+,-,~,~,-,-,,-,,
Mexico,City of Mexico,ME09,,+,-,~,~,-,-,,-,,
Mexico,Durango,ME10,,+,-,~,~,-,-,,-,,
Mexico,Guanajuato,ME11,,+,-,~,~,-,-,,-,,
Mexico,Guerrero,ME12,,+,-,~,~,-,-,,-,,
Mexico,Hidalgo,ME13,+,~,+,~,+,-,+,,+,,
Mexico,Jalisco,ME14,+,-,+,~,+,-,+,,+,,
Mexico,Mexico,ME15,+,-,+,~,+,-,+,,+,,
Mexico,Michoacan,ME16,+,~,+,~,+,-,+,,+,,
Mexico,Morelos,ME17,+,~,+,~,+,-,-,,+,,
Mexico,Nayarit,ME18,+,~,+,~,+,-,~,,+,,
Mexico,Nuevo Leon,ME19,+,~,+,~,+,-,-,,+,,
Mexico,Oaxaca,ME20,~,,,+,+,+,-,,+,,
Mexico,Puebla,ME21,~,+,,+,-,+,-,,+,,
Mexico,Queretaro,ME22,~,+,,+,+,+,+,,+,,
Mexico,Quintana Roo,ME23,~,+,,+,+,+,+,,+,,
Mexico,San Luis Potosi,ME24,~,+,,+,-,+,-,,+,,
Mexico,Sinaloa,ME25,~,+,,+,~,+,,,+,,
Mexico,Sonora,ME26,~,+,,+,+,+,-,,+,,
Mexico,Tabasco,ME27,+,+,,~,~,+,-,,+,,
Mexico,Tamaulipas,ME28,~,+,,~,-,+,-,,+,,
Mexico,Tlaxcala,ME29,-,+,,+,~,+,-,,+,,
Mexico,Veracruz,ME30,~,~,-,~,+,+,~,,,,
Mexico,Yucatan,ME31,~,+,+,~,,+,-,,+,,
Mexico,Zacatecas,ME32,~,+,+,+,,+,-,,+,,
Netherlands,Groningen,NL11,~,+,+,~,,+,-,,-,,
Netherlands,Friesland,NL12,~,+,+,~,,+,-,,+,,
Netherlands,Drenthe,NL13,~,+,+,~,,+,-,,-,,
Netherlands,Overijssel,NL21,~,+,+,~,,+,-,,+,,
Netherlands,Gelderland,NL22,+,-,-,~,~,+,+,,-,,
Netherlands,Flevoland,NL23,~,~,-,-,-,~,~,,-,,
Netherlands,Utrecht,NL31,-,-,-,~,-,~,+,,-,,
Netherlands,North Holland,NL32,~,-,-,-,-,-,-,,~,,
Netherlands,South Holland,NL33,+,~,-,+,+,+,+,,-,,
Netherlands,Zeeland,NL34,+,-,+,-,-,+,-,,-,,
Netherlands,North Brabant,NL41,~,-,~,-,-,-,+,,~,,
Netherlands,Limburg,NL42,+,+,+,-,+,+,+,,~,,
New Zealand,Northland,NZ11,+,-,-,-,~,+,+,,-,,
New Zealand,Auckland,NZ12,+,~,-,+,+,+,-,,-,,
New Zealand,Waikato,NZ13,~,-,~,-,-,+,-,,-,,
New Zealand,Bay of Plenty,NZ14,-,-,~,+,-,+,+,,~,,
New Zealand,Gisborne,NZ15,+,-,~,-,-,+,-,,~,,
New Zealand,Hawke's Bay,NZ16,+,-,-,-,-,+,-,,-,,
New Zealand,Taranaki,NZ17,+,-,-,-,-,+,-,,-,,
New Zealand,Manawatu-Wanganui,NZ18,-,~,~,-,-,+,+,,-,,
New Zealand,Wellington,NZ19,~,-,-,-,-,+,-,,-,,
New Zealand,Tasman-Nelson-Marlborough,NZ21,-,+,~,+,-,~,+,,-,,
New Zealand,West Coast,NZ22,~,-,-,+,+,+,-,,-,,
New Zealand,Canterbury,NZ23,~,~,~,-,-,~,+,,~,,
New Zealand,Otago,NZ24,+,-,~,-,-,+,+,,-,,
New Zealand,Southland,NZ25,+,-,+,-,-,+,-,,-,,
Norway,Innlandet,NO02,+,-,-,-,-,-,+,,~,,
Norway,Trøndelag,NO06,~,-,~,-,-,+,~,,-,,
Norway,Northern Norway,NO07,+,-,+,+,+,+,+,,-,,
Norway,Oslo and Viken,NO08,+,+,+,-,+,~,-,,-,,
Norway,Agder and Sør-Østlandet,NO09,+,-,~,-,-,-,+,,-,,
Norway,Western Norway,NO0A,+,+,-,+,~,+,+,,-,,
Poland,Lesser Poland,PL21,~,~,~,-,-,+,+,,-,,
Poland,Silesia,PL22,+,-,~,-,-,+,+,,-,,
Poland,Greater Poland,PL41,+,-,~,~,~,~,+,,-,,
Poland,West Pomerania,PL42,~,~,~,-,-,+,+,,-,,
Poland,Lubusz,PL43,+,~,-,~,~,+,+,,-,,
Poland,Lower Silesia,PL51,~,~,-,~,~,+,+,,-,,
Poland,Opole region,PL52,+,+,-,~,-,+,+,,-,,
Poland,Kuyavian-Pomerania,PL61,+,~,-,~,-,+,+,,-,,
Poland,Warmian-Masuria,PL62,+,~,-,~,~,+,+,,-,,
Poland,Pomerania,PL63,~,~,-,~,~,+,+,,-,,
Poland,Lodzkie,PL71,+,~,-,~,-,+,+,,-,,
Poland,Swietokrzyskie,PL72,+,~,-,~,-,+,+,,-,,
Poland,Lublin Province,PL81,+,~,-,~,-,+,+,,-,,
Poland,Podkarpacia,PL82,+,~,-,~,~,+,+,,-,,
Poland,Podlaskie,PL84,+,~,-,~,-,+,+,,-,,
Poland,Warsaw capital region,PL91,+,+,-,~,-,+,+,,-,,
Poland,Mazowiecki region,PL92,~,-,,~,+,~,~,,~,,
Portugal,North,PT11,~,-,,~,+,~,~,,~,,
Portugal,Algarve,PT15,~,~,,~,+,~,~,,~,,
Portugal,Central Portugal,PT16,,,,~,+,+,,,,,
Portugal,Metropolitan area of Lisbon,PT17,,,,~,+,~,,,,,
Portugal,Alentejo,PT18,,,,~,+,~,,,,,
Portugal,Azores (autonomous region),PT20,,+,+,~,+,~,,,,,
Portugal,Madeira (autonomous region),PT30,,+,+,~,~,~,,,,,
Slovak Republic,Bratislava,SK01,,~,+,~,+,~,,,,,
Slovak Republic,West Slovakia,SK02,,+,+,~,+,-,,,,,
Slovak Republic,Central Slovakia,SK03,,+,+,~,+,~,,,,,
Slovak Republic,East Slovakia,SK04,,,,~,~,~,,,,,
Slovenia,Eastern Slovenia,SI03,,~,+,~,+,~,,,,,
Slovenia,Western Slovenia,SI04,,+,+,~,~,~,,,,,
Spain,Galicia,ES11,,+,+,~,+,~,,,,,
Spain,Asturias,ES12,,~,+,~,+,~,,,,,
Spain,Cantabria,ES13,,,,+,+,~,,,,,
Spain,Basque Country,ES21,,~,+,~,+,~,,,,,
Spain,Navarra,ES22,,~,~,~,+,~,,,,,
Spain,La Rioja,ES23,,~,-,~,+,~,,,,,
Spain,Aragon,ES24,~,+,+,~,-,+,+,,-,,
Spain,Madrid,ES30,~,+,+,~,-,+,+,,-,,
Spain,Castile and León,ES41,+,+,+,~,-,+,+,,-,,
Spain,Castile-La Mancha,ES42,+,+,+,~,-,+,+,,-,,
Spain,Extremadura,ES43,+,+,+,~,-,+,+,,-,,
Spain,Catalonia,ES51,+,+,+,~,-,+,+,,-,,
Spain,Valencia,ES52,+,+,+,~,-,+,+,,-,,
Spain,Balearic Islands,ES53,+,+,+,~,-,+,+,,-,,
Spain,Andalusia,ES61,~,+,+,~,-,+,~,,-,,
Spain,Murcia,ES62,+,+,+,~,-,+,+,,-,,
Spain,Canary Islands,ES70,~,+,+,~,-,+,+,,-,,
Sweden,Stockholm,SE11,+,+,+,~,-,+,+,,-,,
Sweden,East Middle Sweden,SE12,+,+,+,~,-,+,+,,-,,
Sweden,Småland with Islands,SE21,~,+,+,~,-,+,+,,-,,
Sweden,South Sweden,SE22,+,+,+,~,-,+,+,,-,,
Sweden,West Sweden,SE23,,,+,~,,+,+,,-,,
Sweden,North Middle Sweden,SE31,,,+,~,,+,+,,-,,
Sweden,Central Norrland,SE32,+,+,-,~,+,+,-,,-,,
Sweden,Upper Norrland,SE33,+,+,+,~,-,~,-,,-,,
Switzerland,Lake Geneva Region,CH01,+,~,-,~,~,+,-,,-,,
Switzerland,Espace Mittelland,CH02,+,+,-,~,~,+,-,,-,,
Switzerland,Northwestern Switzerland,CH03,+,+,-,~,~,+,-,,-,,
Switzerland,Zurich,CH04,+,-,-,~,+,~,-,,-,,
Switzerland,Eastern Switzerland,CH05,+,-,-,~,+,~,-,,+,,
Switzerland,Central Switzerland,CH06,~,+,-,~,-,+,+,,-,,
Switzerland,Ticino,CH07,~,+,~,~,-,+,+,,-,,
Türkiye,Istanbul,TR10,~,+,+,~,~,+,+,,-,,
Türkiye,Thrace,TR21,~,+,~,~,-,+,+,,-,,
Türkiye,Southern Marmara - West,TR22,+,+,+,~,-,+,-,,,,
Türkiye,Izmir,TR31,+,+,~,~,~,+,-,,,,
Türkiye,Southern Aegean,TR32,+,-,~,~,+,~,~,,-,,
Türkiye,Northern Aegean,TR33,+,-,~,~,+,~,+,,-,,
Türkiye,Eastern Marmara - South,TR41,+,~,~,~,+,+,+,,-,,
Türkiye,Eastern Marmara - North,TR42,~,-,~,~,+,+,+,,-,,
Türkiye,Ankara,TR51,+,~,~,~,+,+,+,,~,,
Türkiye,Central Anatolia - West and South,TR52,~,-,~,~,+,~,+,,~,,
Türkiye,Mediterranean region - West,TR61,+,+,~,~,+,~,+,,~,,
Türkiye,Mediterranean region - Middle,TR62,+,+,~,~,+,~,+,,~,,
Türkiye,Mediterranean region - East,TR63,+,+,,-,+,-,+,,+,,
Türkiye,Central Anatolia - Middle,TR71,+,-,,-,+,-,~,,+,,
Türkiye,Central Anatolia - East,TR72,+,-,,-,+,-,~,,+,,
Türkiye,Western Black Sea - West,TR81,-,-,,-,+,-,+,,+,,
Türkiye,Western Black Sea - Middle and East,TR82,+,-,,-,+,-,~,,+,,
Türkiye,Middle Black Sea,TR83,~,~,,-,+,-,~,,+,,
Türkiye,Eastern Black Sea,TR90,+,+,,-,+,-,~,,+,,
Türkiye,Northeastern Anatolia - West,TRA1,+,+,,~,+,-,~,,+,,
Türkiye,Northeastern Anatolia - East,TRA2,+,-,,-,+,-,+,,+,,
Türkiye,Eastern Anatolia - West,TRB1,~,-,,-,+,+,~,,+,,
Türkiye,Eastern Anatolia - East,TRB2,+,-,,-,+,-,~,,+,,
Türkiye,Southeastern Anatolia - West,TRC1,+,~,,-,+,+,+,,+,,
Türkiye,Southeastern Anatolia - Middle,TRC2,+,-,,-,+,-,+,,+,,
Türkiye,Southeastern Anatolia - East,TRC3,+,-,,-,+,+,+,,+,,
United Kingdom,North East England,UKC,+,-,,-,+,+,~,,+,,
United Kingdom,North West England,UKD,+,-,,-,+,+,~,,+,,
United Kingdom,Yorkshire and The Humber,UKE,-,~,,-,+,+,~,,+,,
United Kingdom,East Midlands,UKF,~,-,,-,+,+,+,,+,,
United Kingdom,West Midlands,UKG,+,-,,-,+,+,~,,+,,
United Kingdom,East of England,UKH,+,-,,-,+,+,+,,+,,
United Kingdom,Greater London,UKI,~,-,,-,+,+,~,,~,,
United Kingdom,South East England,UKJ,+,-,,~,+,+,+,,+,,
United Kingdom,South West England,UKK,~,-,,-,+,+,+,,+,,
United Kingdom,Wales,UKL,~,~,,-,+,~,+,,+,,
United Kingdom,Scotland,UKM,~,-,,-,+,-,+,,+,,
United Kingdom,Northern Ireland,UKN,~,-,,~,+,~,+,,+,,
United States,Alabama,US01,~,+,~,-,-,+,+,,~,,
United States,Alaska,US02,~,-,~,-,-,~,+,,~,,
United States,Arizona,US04,~,+,~,~,-,-,+,,-,,
United States,Arkansas,US05,~,+,~,-,-,~,+,,~,,
United States,California,US06,~,+,+,~,-,-,+,,-,,
United States,Colorado,US08,~,+,+,-,-,~,+,,-,,
United States,Connecticut,US09,~,~,~,~,-,~,+,,~,,
United States,Delaware,US10,~,+,~,-,-,~,+,,~,,
United States,District of Columbia,US11,~,+,~,-,-,+,+,,-,,
United States,Florida,US12,~,+,~,~,-,~,+,,-,,
United States,Georgia,US13,~,+,~,-,-,+,+,,-,,
United States,Hawaii,US15,~,-,~,~,-,~,+,,-,,
United States,Idaho,US16,~,+,+,~,-,~,+,,-,,
United States,Illinois,US17,~,+,~,-,-,~,+,,~,,
United States,Indiana,US18,~,+,~,-,-,+,+,,~,,
United States,Iowa,US19,~,~,~,-,-,~,+,,~,,
United States,Kansas,US20,~,+,~,~,-,~,+,,~,,
United States,Kentucky,US21,~,+,~,-,-,+,+,,~,,
United States,Louisiana,US22,~,~,-,-,-,+,+,,~,,
United States,Maine,US23,~,+,~,~,-,~,+,,~,,
United States,Maryland,US24,~,~,~,-,-,+,+,,~,,
United States,Massachusetts,US25,~,~,~,~,-,~,+,,-,,
United States,Michigan,US26,~,+,~,-,-,~,+,,~,,
United States,Minnesota,US27,~,~,~,-,-,~,+,,~,,
United States,Mississippi,US28,~,+,-,-,-,+,+,,~,,
United States,Missouri,US29,~,+,~,-,-,~,+,,~,,
United States,Montana,US30,~,+,~,-,-,~,+,,~,,
United States,Nebraska,US31,~,~,~,~,-,~,+,,~,,
United States,Nevada,US32,~,+,~,~,-,-,+,,-,,
United States,New Hampshire,US33,~,~,~,~,-,~,+,,~,,
United States,New Jersey,US34,~,~,~,~,-,~,+,,~,,
United States,New Mexico,US35,~,~,-,~,-,~,+,,~,,
United States,New York,US36,~,-,~,~,-,~,+,,~,,
United States,North Carolina,US37,~,+,~,-,-,~,+,,-,,
United States,North Dakota,US38,~,~,~,-,-,~,+,,~,,
United States,Ohio,US39,~,+,~,-,-,+,+,,~,,
United States,Oklahoma,US40,~,+,-,-,-,~,+,,~,,
United States,Oregon,US41,~,+,+,~,-,-,+,,-,,
United States,Pennsylvania,US42,~,~,~,-,-,+,+,,~,,
United States,Rhode Island,US44,~,+,-,~,-,~,+,,~,,
United States,South Carolina,US45,~,+,~,-,-,+,+,,~,,
United States,South Dakota,US46,~,+,~,-,-,~,+,,~,,
United States,Tennessee,US47,~,+,~,-,-,+,+,,~,,
United States,Texas,US48,~,~,~,-,-,~,+,,-,,
United States,Utah,US49,~,+,+,~,-,~,+,,-,,
United States,Vermont,US50,~,~,~,~,-,~,+,,~,,
United States,Virginia,US51,~,+,-,-,-,~,+,,-,,
United States,Washington,US53,~,+,+,-,-,~,+,,-,,
United States,West Virginia,US54,~,+,~,-,-,+,+,,~,,
United States,Wisconsin,US55,~,+,~,-,-,~,+,,~,,
United States,Wyoming,US56,~,-,~,-,-,~,+,,~,,
